#25thAmendment,#SaturdayMotivation,0.7153382790367
#25thAmendment,#WearAMask,0.49375258184485
#25thAmendment,#BidenHarris2020,0.49375258184485
#25thAmendment,#CovidCaughtTrump,0.49375258184485
#25thAmendment,#SuperSpreader,0.49375258184485
#25thAmendment,#SaturdayMorning,0.49375258184485
#25thAmendment,#coronavirus,0.49375258184485
#25thAmendment,#BREAKING,0.49375258184485
#25thAmendment,#COVID,0.49375258184485
#25thAmendment,#TrumpHasCorona,0.49375258184485
#25thAmendment,#Trump2020,0.49375258184485
#25thAmendment,#Corona,0.49375258184485
#25thAmendment,#TrumpCovid,0.49375258184485
#25thAmendment,#NBAFinals,0.49375258184485
#25thAmendment,#Election2020,0.49375258184485
#25thAmendment,#LakeShow,0.49375258184485
#25thAmendment,#DonaldTrump,0.49375258184485
#25thAmendment,#Coronavirus,0.49375258184485
#25thAmendment,#VOTE,0.49375258184485
#25thAmendment,#TrumpVirus,0.49375258184485
#25thAmendment,#COVIDIOTS,0.49375258184485
#25thAmendment,#BoyfriendDay,0.49375258184485
