#Galwan,#SushantSinghRajput,0.083333333333333
#BoycottBollywood,#Galwan,0.083333333333333
#Galwan,#Rhea,0.083333333333333
#AllEyesOnCBI,#Galwan,0.083333333333333
#302ForSSRKillers,#Galwan,0.083333333333333
#Galwan,#Revolution4SSR,0.083333333333333
#Galwan,#SSRMurderNotSuicide,0.083333333333333
#AIIMS,#Galwan,0.083333333333333
#Galwan,#SSRAIIMSReport,0.083333333333333
#Galwan,#SSRcase,0.083333333333333
#Galwan,#JusticeForSSR,0.083333333333333
