#BTSxVariety,#Trump,0.76862178684024
#BTSonFallon,#Trump,0.76862178684024
#OnBTS,#Trump,0.76862178684024
#FridayLivestream,#Trump,0.76862178684024
#KCAMexico,#Trump,0.76862178684024
#Trump,"#\ubc29\ud0c4\uc18c\ub144\ub2e8",0.69100953616829
#BTSARMY,#Trump,0.67699249252885
#BabriDemolitionCase,#Trump,0.67052815164443
#ImranKhanMustMeetQasim,#Trump,0.67052815164443
#JIMIN,#Trump,0.63299809046097
#ARMY,#Trump,0.62850998984188
#BTS,#Trump,0.59805112198071
#Trump,#explosion,0.58562746878442
#TheStealer1stWin,#Trump,0.58562746878442
